,z_alp95,z_clp95,z_ksp5,z_omp5,z_sap5,z_sap95
0,0.15124760488260808,0.3418323141404221,0.19781987392035796,0.29802345814503184,0.21735708181525554,0.4779041529666042
